expert_id,N,MAE,MSE,R2
1,845,0.029667316004633904,0.0009348774328827858,-0.2350611686706543
2,625,0.02199726179242134,0.0005616983398795128,0.9656806588172913
3,713,0.023227907717227936,0.0023427107371389866,0.981067955493927
4,535,0.018807929009199142,0.0004649327602237463,0.9914199709892273
