expert_id,N,MAE,MSE,R2
1,845,0.010872932150959969,0.00012673340097535402,0.8325732350349426
2,625,0.016437683254480362,0.0003143292560707778,0.9807947278022766
3,713,0.01767123118042946,0.0020526552107185125,0.983411967754364
4,535,0.012227313593029976,0.00024623985518701375,0.995455801486969
